url,keywords
https://getmaxim.ai/blog/building-an-ai-product-review-analyzer-structured-outputs-with-together-ai-and-maxim-observability/,review_data; sentiment; self; product_name; review; print; analysis; priority_score; reviews; themes; analyzer; str; type; theme; reviewanalysis; processing_time; parsed_data; def; product; priority
https://getmaxim.ai/blog/maxim-ai-august-2025-updates/,maxim; workspace; bifrost; duplicated; google cloud; cloud; voice; marketplace; teams; google; evals; flexi; generations; sso; flexi evals; load balancing; cloud marketplace; control; flexibility; balancing
https://getmaxim.ai/blog/best-llms-for-legal-ai-agents-a-deep-dive-into-legalbench-performance/,legal; ai; reasoning; compliance; models; law; interpretation; rule; regulatory; facts; practice; analysis; particular; understanding; performance; capabilities; reasoning capabilities; ai agents; sophisticated; document
https://getmaxim.ai/blog/building-a-resume-checker-with-llamaindex-and-maxim-observability/,suggestions; resume; print; score; analysis_result; append; checker; suggestions append; grammar; len; resume checker; conciseness; candidate_name; issues; missing_sections; analysis; summary; impact; verbs; resume_text
https://getmaxim.ai/blog/safebench-2025s-top-picks-the-benchmarks-that-actually-matter-for-ai-safety/,benchmarks; vulnerabilities; ai; attack; attacks; models; model; ai safety; safety; benchmark; injection; bench; prompt injection; lab; real; vulnerable; exploit; awareness; deploy; just
https://getmaxim.ai/blog/mcptoolbench-raising-the-bar-for-realistic-ai-agent-tool-use-benchmarks/,tool; mcp; mcptoolbench; ast; execution; multi step; tool use; benchmark; multi; real world; kimi; k2; kimi k2; world tool; world; step; models; parameter; real; benchmarks
https://getmaxim.ai/blog/maxim-ai-july-2025-updates/,size; logs; view; log size; maxim; bifrost; claude; openrouter; cerebras; table; simulate; log; models; context; annotations; file attachments; logs size; large logs; product hunt; new providers
https://getmaxim.ai/blog/paperbench-can-ai-agents-actually-replicate-ai-research/,agents; research; ml; code; paper; ai; actually; isn just; ai agents; results; score; strategic; just; authors; isn; benchmark; scored; current; researchers; narrow
https://getmaxim.ai/blog/os-harm-the-ai-safety-benchmark-that-puts-llm-agents-through-hell/,harm; agents; os; computer; safety; task; malicious; unsafe; agent; harmful; chatbot; misuse; emails; home; use agents; benchmark; category; tasks; say; behaviour
https://getmaxim.ai/blog/tool-chaos-no-more-how-were-measuring-model-tool-accuracy-in-the-age-of-mcp/,tool; tool accuracy; accuracy; tools; claude; model; mcp; models; tool calls; claude sonnet; calls; sonnet; experiment; context; conversation history; increase; provided; number; fewer; claude models
https://getmaxim.ai/blog/your-horrible-code-is-making-llms-evil-exploring-emergent-misalignment/,misalignment; misaligned; fine; evil; vector; code; fine tuned; model; vectors; direction; dataset; numbers; tuned; aligned; authors; vulnerabilities; space; models; trigger; goes
https://getmaxim.ai/blog/making-language-models-unbiased-one-vector-at-a-time/,bias; direction; company; activation; group; biases; models; anti; settings; white; hiring; realistic; black; interview; activations; mean; neutral; vector; fairness; prompts
https://getmaxim.ai/blog/user-simulation-in-ai-from-rule-based-models-to-llm-powered-realism/,simulation; user; users; models; realism; behaviour; behaviours; human; rules; llm based; modelling; based; diverse; based simulation; training; evolution; simulating; preferences; responses; systems
https://getmaxim.ai/blog/when-ai-snitches-auditing-agents-that-spill-your-models-alignment-tea/,auditors; auditing; investigator; model; ai; behaviours; concerning; alignment; reward; human auditors; training; human; auditing agents; audit; agents; subtle; agent; actually; safety; hidden
https://getmaxim.ai/blog/observing-tool-calls-and-json-mode-responses-from-fireworks-ai-with-maxim-integration/,fireworks; function; population; maxim; streaming; fireworks ai; json; ai; tool; import; observability; tools function; logger; schema; content; os; fireworks_api_key; city_name; chat_completion; population data
https://getmaxim.ai/blog/evaluate-insurance-claims-processing-agent-with-maxim/,policy; claim; insurance; judgment; document; policy document; claims; key; coverage; dataset; auto; workflow; exclusions; ll; validate; documents; approve; reject; output; validation
https://getmaxim.ai/blog/when-your-ai-cant-tell-the-difference-between-fine-and-frustration/,audio; emotion; sentiment analysis; recognition; sentiment; emotion recognition; speech; voice; speaker; acoustic; analysis evaluator; gemini; frustration; gemini flash; analysis; flash; positive; acoustic features; negative; emotionally
https://getmaxim.ai/blog/maxim-ai-june-2025-updates/,atomicwork; bifrost; vlms; agent; observability; maxim; calls; ai; integration; charts; mistral; crewai; mistral ai; evaluation observability; voice; tool calls; tool; conversation; multi turn; llm
https://getmaxim.ai/blog/better-dashboards-smarter-workflows-maxim-weekly-release-notes-june-9-13-2025/,dashboards; traces maxim; maxim; summary emails; turn turn; turn traces; turn; custom dashboards; better; week; traces; line integration; smarter; weekly; console; uv; voice; custom; livekit; test runs
https://getmaxim.ai/blog/building-a-gemini-powered-conversational-weather-agent-with-maxim-logging/,weather; logger; self; gemini_client; weather_function; tavily; maxim; gemini; print; chat; history; msg; self history; os; agent; import; location; tool; trace; config
https://getmaxim.ai/blog/maxim-ai-may-2025-updates/,clinc; scheduled; a2a; scheduled runs; maxim; ai; provider; sql; evals; agent; model; mistral; gemma; n8n; runs; workflows; banking; agentic; qwen3; protocol
https://getmaxim.ai/blog/bifrost-a-drop-in-llm-proxy-40x-faster-than-litellm/,bifrost; schemas; baseaccount; account; docker; http; providers; provider; t3; litellm; overhead; rps; maximhq; 8080; config json; com maximhq; maximhq bifrost; openai; medium; package
https://getmaxim.ai/blog/when-your-ai-transcription-turns-quarterly-revenue-into-quarterly-rabbit-2/,snr; transcription; audio; audio quality; wer; quality; voice; voice ai; db snr; snr evaluator; db; evaluator; noise; ai; conditions; downstream; transcription accuracy; transcription models; 10 db; wer evaluator
https://getmaxim.ai/blog/building-and-evaluating-a-reddit-insights-agent-with-gumloop-and-maxim-ai-2/,reddit; workflow; gumloop; posts; node; output; webhook; sentiment; topic; insights; agent; endpoint; const; ai; post; evaluation; agents; outputs; run; data
https://getmaxim.ai/blog/sure-your-llm-is-smart-but-does-it-really-give-a-damn/,task; goal; height; subtasks; model; blocks; capabilities; study; isolation; block; configurations; models; measuring; tasks; estimate; actually; equal; agent; possible; environment
https://getmaxim.ai/blog/evaluating-a-healthcare-use-case-using-vertex-ai-and-maxim-ai-part-1/,vertex; clinical; vertex ai; patient; notes; doctor; clinical notes; doctor patient; evaluators; ai; evaluation; note; click; clinical note; dataset; medical; maxim; prompt; metricprompttemplateexamples; service
https://www.getmaxim.ai/blog/ai-agent-quality-evaluation/,agents; agent; systems; ai agents; ai; quality; term; users; long term; evaluating; tasks; agentic; memory; series; measuring; agentic systems; industries; measuring quality; achieve specific; quality agents
https://www.getmaxim.ai/blog/building-an-ai-product-review-analyzer-structured-outputs-with-together-ai-and-maxim-observability/,review_data; sentiment; self; product_name; review; print; analysis; priority_score; reviews; themes; analyzer; str; type; theme; reviewanalysis; processing_time; parsed_data; def; product; priority
https://www.getmaxim.ai/blog/building-a-resume-checker-with-llamaindex-and-maxim-observability/,suggestions; resume; print; score; analysis_result; append; checker; suggestions append; grammar; len; resume checker; conciseness; candidate_name; issues; missing_sections; analysis; summary; impact; verbs; resume_text
https://www.getmaxim.ai/blog/mcptoolbench-raising-the-bar-for-realistic-ai-agent-tool-use-benchmarks/,tool; mcp; mcptoolbench; ast; execution; multi step; tool use; benchmark; multi; real world; kimi; k2; kimi k2; world tool; world; step; models; parameter; real; benchmarks
https://www.getmaxim.ai/blog/when-ai-snitches-auditing-agents-that-spill-your-models-alignment-tea/,auditors; auditing; investigator; model; ai; behaviours; concerning; alignment; reward; human auditors; training; human; auditing agents; audit; agents; subtle; agent; actually; safety; hidden
https://www.getmaxim.ai/blog/observing-tool-calls-and-json-mode-responses-from-fireworks-ai-with-maxim-integration/,fireworks; function; population; maxim; streaming; fireworks ai; json; ai; tool; import; observability; tools function; logger; schema; content; os; fireworks_api_key; city_name; chat_completion; population data
https://www.getmaxim.ai/blog/evaluate-insurance-claims-processing-agent-with-maxim/,policy; claim; insurance; judgment; document; policy document; claims; key; coverage; dataset; auto; workflow; exclusions; ll; validate; documents; approve; reject; output; validation
https://www.getmaxim.ai/blog/when-your-ai-cant-tell-the-difference-between-fine-and-frustration/,audio; emotion; sentiment analysis; recognition; sentiment; emotion recognition; speech; voice; speaker; acoustic; analysis evaluator; gemini; frustration; gemini flash; analysis; flash; positive; acoustic features; negative; emotionally
https://getmaxim.ai/blog/a-recipe-for-privacy-preserving-autocorrect-in-gboard-fl-dp-and-synthetic-data-sprinkles/,data; synthetic; privacy; training; synthetic data; mobile; private; model; typing; private data; continue; errors; public; trained; dataset; domain; small; lora; preserving; original
https://www.getmaxim.ai/blog/maxim-ai-august-2025-updates/,maxim; workspace; bifrost; duplicated; google cloud; cloud; voice; marketplace; teams; google; evals; flexi; generations; sso; flexi evals; load balancing; cloud marketplace; control; flexibility; balancing
https://www.getmaxim.ai/blog/maxim-ai-july-2025-updates/,size; logs; view; log size; maxim; bifrost; claude; openrouter; cerebras; table; simulate; log; models; context; annotations; file attachments; logs size; large logs; product hunt; new providers
https://www.getmaxim.ai/blog/maxim-ai-june-2025-updates/,atomicwork; bifrost; vlms; agent; observability; maxim; calls; ai; integration; charts; mistral; crewai; mistral ai; evaluation observability; voice; tool calls; tool; conversation; multi turn; llm
https://www.getmaxim.ai/blog/better-dashboards-smarter-workflows-maxim-weekly-release-notes-june-9-13-2025/,dashboards; traces maxim; maxim; summary emails; turn turn; turn traces; turn; custom dashboards; better; week; traces; line integration; smarter; weekly; console; uv; voice; custom; livekit; test runs
https://www.getmaxim.ai/blog/building-a-gemini-powered-conversational-weather-agent-with-maxim-logging/,weather; logger; self; gemini_client; weather_function; tavily; maxim; gemini; print; chat; history; msg; self history; os; agent; import; location; tool; trace; config
https://www.getmaxim.ai/blog/maxim-ai-may-2025-updates/,clinc; scheduled; a2a; scheduled runs; maxim; ai; provider; sql; evals; agent; model; mistral; gemma; n8n; runs; workflows; banking; agentic; qwen3; protocol
https://www.getmaxim.ai/blog/bifrost-a-drop-in-llm-proxy-40x-faster-than-litellm/,bifrost; schemas; baseaccount; account; docker; http; providers; provider; t3; litellm; overhead; rps; maximhq; 8080; config json; com maximhq; maximhq bifrost; openai; medium; package
https://getmaxim.ai/blog/evaluating-the-quality-of-nl-to-sql-workflows/,sql; query; natural language; generated; queries; workflow; nl; nl sql; database; prompt; natural; sql queries; schema; quality; plain; select; dataset; sql workflows; workflows; ll
https://getmaxim.ai/blog/maxim-ai-april-2025-updates/,mcp; partials; logs; ai; vertex ai; vertex; provider; maxim; thoughtful; prompt; directly; custom; feature; metrics; test runs; runs; live; updates; series; dashboards
https://www.getmaxim.ai/blog/when-your-ai-transcription-turns-quarterly-revenue-into-quarterly-rabbit-2/,snr; transcription; audio; audio quality; wer; quality; voice; voice ai; db snr; snr evaluator; db; evaluator; noise; ai; conditions; downstream; transcription accuracy; transcription models; 10 db; wer evaluator
https://getmaxim.ai/blog/tracing-the-thoughts-of-claude-peering-into-an-ais-mind/,anthropic; claude; language; interpretability; tracing; surface; large language; language models; language model; space; hallucinations; computational; black; neural; models; model; large; 2024; reasoning; mapping
https://getmaxim.ai/blog/can-your-ai-explain-why-its-moral/,ethical; reasoning; models; battery; audit; fairness; logic; training; gpt; scored; researchers; principles; thought; ai; decisions; chain thought; study; claude; asked; like
https://getmaxim.ai/blog/skipping-the-thinking-how-simple-prompts-can-outperform-complex-reasoning-in-ai/,thinking; cot; reasoning; token; explicit; steps; intermediate; computational; token usage; fewer; final answer; explicit reasoning; reasoning models; thought; tokens; john; pass; model; accuracy; 2023
https://getmaxim.ai/blog/mastering-prompt-engineering/,prompt engineering; engineering; prompt; prompting; shot; ai; prompts; techniques; model; cot; reasoning; temperature; responses; maxim ai; maxim; variants; accuracy; guide; consistency; thought
https://getmaxim.ai/blog/apigen-mt-structured-multi-turn-training-data-for-agents/,arxiv; agent; multi turn; simulated; turn; training; blueprint; leaderboard; task; multi; data; human; realistic multi; phase; training data; api calls; smaller; rich; ai; function calling
https://getmaxim.ai/blog/chain-of-tools-llm-framework/,tool; tools; chain; external; llm tool; llm; weather; tool augmented; llms; ai; augmented; external tools; calling; reasoning; tool calling; api; live; generation; tool use; language
https://www.getmaxim.ai/blog/ai-agent-evaluation-metrics/,agent; metrics; metric; tool; metric helps; task; helps; steps; evaluation; understand; failures; booking; better understand; evaluate agent; helps understand; agents; reach; understand agent; solving; help
https://www.getmaxim.ai/blog/evaluation-workflows-for-ai-agents/,release; agent; pre release; evaluation; post release; pre; feedback; ai; metrics; ai agent; post; continuous; testing; user; performance; release monitoring; agents; annotation; monitoring; node
https://www.getmaxim.ai/blog/ai-agent-evaluation-metrics,agent; metrics; metric; tool; metric helps; task; helps; steps; evaluation; understand; failures; booking; better understand; evaluate agent; helps understand; agents; reach; understand agent; solving; help
https://www.getmaxim.ai/blog/ai-agent-quality-evaluation,agents; agent; systems; ai agents; ai; quality; term; users; long term; evaluating; tasks; agentic; memory; series; measuring; agentic systems; industries; measuring quality; achieve specific; quality agents
https://www.getmaxim.ai/blog/evaluating-a-healthcare-use-case-using-vertex-ai-and-maxim-ai-part-1/,vertex; clinical; vertex ai; patient; notes; doctor; clinical notes; doctor patient; evaluators; ai; evaluation; note; click; clinical note; dataset; medical; maxim; prompt; metricprompttemplateexamples; service
https://getmaxim.ai/blog/building-an-ai-powered-stock-market-analysis-tool-with-groq-and-function-calling/,stock; price; symbol; stock price; date; date_str; months; function; return; str; historical; numbers; data; price data; fig; strftime; relative; ago; print; import
https://getmaxim.ai/blog/making-a-financial-conversation-agent-using-agno-maxim/,financial; agent; agno; web; financial data; openaichat; conversation; news; search; multi agent; import; data; model openaichat; openaichat id; id gpt; yfinance; maxim; true; enhanced observability; web search
https://getmaxim.ai/blog/build-an-ai-interview-voice-agent-with-livekit-maxim/,room; interviewer; livekit; interview; jd; import; trace; job description; tavily_api_key; trace_id; maxim; description jd; agent; os; description; ai interviewer; await; getenv; os getenv; web search
https://www.getmaxim.ai/blog/making-a-financial-conversation-agent-using-agno-maxim/,financial; agent; agno; web; financial data; openaichat; conversation; news; search; multi agent; import; data; model openaichat; openaichat id; id gpt; yfinance; maxim; true; enhanced observability; web search
https://www.getmaxim.ai/blog/build-an-ai-interview-voice-agent-with-livekit-maxim/,room; interviewer; livekit; interview; jd; import; trace; job description; tavily_api_key; trace_id; maxim; description jd; agent; os; description; ai interviewer; await; getenv; os getenv; web search
https://www.getmaxim.ai/blog/cdn-cgi/l/email-protection,page; order; malicious; protected; javascript; addresses; accessed; similar; got; browser; enable; email; hidden; sign; address; way
https://www.getmaxim.ai/blog/last-week-at-maxim-week-1-of-may/,week; tool; test run; column test; mode; test; fireworks; agentic; reports; flows; mistral; agent; providers; updates; column; tool calling; calls; playground; enabling; calling
