url,title,cluster,keywords_top
https://galileo.ai/blog/galileo-agent-reliability-platform,Introducing Galileo's Agent Reliability Platform,2,agent; engine; agents; luna; insights engine; agent metrics; leaderboard; view; graph engine; agent reliability; metrics; graph; platform; reliability platform; time guardrails; multi agent; solution; small language; multi; ai
https://galileo.ai/blog/why-multi-agent-systems-fail,Why Multi-Agent Systems Fail,2,agent; multi agent; multi; agents; single agent; agent systems; single; coordination; 10; cost; agent needs; anthropic; context; systems; structure; coordination overhead; parallel; overhead; findings; bitter
https://galileo.ai/blog/bringing-ai-observability-behind-the-firewall-deploying-on-premise-ai,Bringing AI Observability Behind the Firewall: Deploying On-Premise AI,3,observability; premise; ai observability; regulated; ai; cluster; clients; services; sensitive data; cloud; data; sensitive; layer; infrastructure; user facing; metrics; solution; means; galileo; controls
https://galileo.ai/blog/why-language-models-hallucinate,Understanding Why Language Models Hallucinate?,1,paper; facts; theoretical; calibration; training; born; bounds; limits; don know; generation; training data; confident; hallucinate; model; hallucinations; fact; error rate; rate; don; dates
https://galileo.ai/blog/benefits-of-multi-agent-systems,Benefits of Multi-agent Systems,2,agent; agent approach; multi agent; review; multi; single; context; reviews; approach; single agent; payment; fails; response; model; backup; summary; shipping; agents; gets; sentiment
https://galileo.ai/blog/why-generic-ai-evaluation-fails-and-how-custom-metrics-unlock-real-world-impact,Custom Metrics Matter; Why One-Size-Fits-All AI Evaluation Doesnât Work,1,metrics; domain; evaluation; subject matter; startup; subject; generic; custom metrics; matter experts; matter; criteria; experts; youâre; domain experts; success; binary; tell; define; hereâs; fast
https://galileo.ai/blog/top-12-ai-evaluation-tools-for-enterprise-genai-development-teams-in-2025,Top 12 AI Evaluation Tools for GenAI Systems in 2025 | Galileo,1,evaluation; platform; evaluation tool; comprehensive; assessment; genai; teams; ai; langchain; monitoring; capabilities; ai evaluation; platform provides; automated evaluation; automated; quality assessment; production monitoring; provides; tool; evaluation capabilities
https://galileo.ai/blog/hidden-cost-of-agentic-ai,The Hidden Costs of Agentic AI: Why 40% of Projects Fail Before Production,0,costs; cost; session; agents; agentic ai; spend; agent; ai; pricing; projects; ai projects; like; inference costs; agentic; eval; inference; leaderboard; teams; iteration; data
https://galileo.ai/blog/how-to-build-a-reliable-stripe-ai-agent-with-langchain-openai-and-galileo,"How to Build a Reliable Stripe AI Agent with LangChain, OpenAI, and Galileo",0,agent; env; tool; products; youâll; file; project; prices; run; toolkit; payment; galileo; langchain; agent tool; true; product; api; link; configuration; init
https://galileo.ai/blog/best-llms-for-ai-agents-in-insurance,Best LLMs for AI Agents in Insurance,6,insurance; tool; session; claims; ai; agents; personas; average; action completion; policies; agent; policy; coverage; completion; tool selection; duration; cost session; selection; description; scenario
https://galileo.ai/blog/best-llms-for-ai-agents-in-banking,Best LLMs for AI Agents in Banking,6,banking; tool; session; personas; ai; payments; agent; action completion; agents; account; description; duration; tool selection; bank; cost session; domain; completion; balance; scenario; cost
https://galileo.ai/blog/agent-leaderboard-v2,Launching Agent Leaderboard v2: The Enterprise-Grade Benchmark for AI Agents,6,tool; domain; personas; leaderboard; agent; self; scenario; dataset; agent leaderboard; simulation; tool selection; model; category; description; tsq; v2; action completion; history; completion; account
https://galileo.ai/blog/galileo-joins-aws-marketplace,Galileo Joins AWS Marketplace's AI Agents and Tools Category,0,aws; agent; category; marketplace; agents tools; agents; agent reliability; evaluation; reliability platform; production; galileo agent; platform; ai; infrastructure; workflows production; reliability; agentic workflows; ai agents; tools; deployments
https://galileo.ai/blog/closing-the-confidence-gap-how-custom-metrics-turn-genai-reliability-into-a-competitive-edge,Beyond AI Benchmarks: Custom Metrics for Reliable GenAI,1,feedback; metrics; rouge; criteria; metric; domain; judge; explanation; domain experts; clhf; bleu; expert; quality; tone; llm; response; llm judge; evaluation; brand; prompt
https://galileo.ai/blog/multi-agent-ai-systems,Transform Enterprise AI with Multi-Agent Systems | Galileo,2,agent; systems; multi agent; ai; agent systems; orchestration; multi; agents; organizations; enterprise; organizations implementing; master; data; business; hybrid; platforms; directed; business processes; skill; creating
https://galileo.ai/blog/ai-translation-challenges,Navigating Key AI Translation Challenges | Galileo,1,translation; cultural; translations; languages; ai; translation systems; linguistic; english; language pairs; models; language; biases; pairs; fields; domain coverage; technical; contexts; fields like; content; domain
https://galileo.ai/blog/introducing-galileo-s-insights-engine-intelligence-that-adapts-to-your-agent,Introducing Galileo's Insights Engine: Intelligence That Adapts to Your Agent,2,engine; insights engine; insights; agent; failure mode; mode; identification; failure; trace; learns; multi agent; improvements; automatically; galileo insights; optimization; opportunities; root; evaluation; recommendations; instant
https://galileo.ai/blog/galileo-joins-mongodb-s-ai-applications-program-as-their-first-agentic-evaluation-platform,Galileo Joins MongoDB's AI Applications Program as Their First Agentic Evaluation Platform,0,mongodb; ai; agentic evaluation; agentic; evaluation; ecosystem; systems; sophisticated monitoring; autonomous systems; enterprise ai; thanks; enterprise; agents; platform; ai applications; galileo; evaluation capabilities; isn; reliability; observability
https://galileo.ai/blog/ai-agent-reliability-strategies,A Guide to AI Agent Reliability for Mission Critical Systems | Galileo,2,agent; agents; systems; reliability; failures; tool; testing; production; agent reliability; tool selection; business; ai; strategies; agent behavior; selection; behavior; patterns; insufficient; procedures; failure
https://galileo.ai/blog/silly-startups-serious-signals-how-to-use-custom-metrics-to-measure-domain-specific-ai-success,"Silly Startups, Serious Signals: How to Custom Metrics to Measure Domain-Specific AI Success",1,startup; project; file; humor; custom metrics; env; uv; custom; youâll; youâve; screen; py; galileo; application; metric; log; tool; tutorial; looks like; metrics
https://galileo.ai/blog/mixture-of-experts-architecture,How Mixture of Experts 2.0 Eliminates AI Infrastructure Bottlenecks | Galileo,5,expert; routing; experts; input; computational; characteristics; training; utilization; conditional; load; load balancing; patterns; computation; performance; routing decisions; strategies; balancing; architectures; algorithms; implementations
https://galileo.ai/blog/introducing-luna-2-purpose-built-models-for-reliable-ai-evaluations-guardrailing,Luna 2: Purpose-Built Evaluation Models for Reliable AI Agents & Systems,5,luna; agent; evaluation; metrics; cost; fortune; time guardrailing; low; 10 20; low latency; 50; guardrailing; agents; agentic; latency; ai; real time; 10; hundreds; enterprise
https://galileo.ai/blog/how-do-you-choose-the-right-metrics-for-your-ai-evaluations,How to choose the right metrics for your AI evaluations?,1,metrics; ai; metrics measure; ignoring; users; key metrics; right metrics; risk; safety compliance; measure; agentic metrics; response quality; just; custom metrics; model confidence; safety; custom; confidence; credit; tone
https://galileo.ai/blog/galileo-optimizes-enterprise-scale-agentic-ai-stack-with-nvidia,Galileo Optimizes EnterpriseâScale Agentic AI Stack with NVIDIA,0,nvidia; factory; ai; nemo; nvidia nemo; enterprise ai; galileo; enterprise; agentic; guardrails; accelerated; agentic ai; validated; stack; agent; galileo nvidia; nemo evaluator; data flywheel; nemo guardrails; powerful
https://galileo.ai/blog/llm-as-a-judge-the-missing-piece-in-financial-services-ai-governance,LLM-as-a-Judge: Essential AI Governance for Financial Services,6,institutions; judge; financial institutions; judges; human; llm judge; llm; ai; financial; evaluation; models; review; luna; oversight; ensemble; model; human review; reviewers; approaches; luna models
https://galileo.ai/blog/ai-agent-evaluation-blueprint-part-1,The AI Agent Evaluation Blueprint: Part 1,0,agent; user; tool; evaluation; requests; agents; user goals; ways improve; production; advancement; calculation; galileo; action advancement; flywheel; action; final score; execution; definition; metrics; instructions
https://galileo.ai/blog/ai-model-validation,A Step-by-Step Guide to AI Model Validation | Galileo.ai,3,validation; model; model validation; ai model; ai; models; metrics; performance; step; versions; data; galileo; ai models; model versions; cross validation; use; validation sets; experiments; datasets; fold
https://galileo.ai/blog/blanc-metric-ai,BLANC Metric: Revolutionizing AI Model Evaluations,1,metric; summary; metric ai; summaries; words; ai; comprehension; generated summaries; ai generated; rouge; bleu; text; model; generated; functional; rouge bleu; utility; reference; language model; metrics rouge
https://galileo.ai/blog/autogen-multi-agent,AutoGen Implementation Patterns: Building Production-Ready Multi-Agent AI Systems,2,agent; autogen; multi agent; multi; systems; agent autogen; agent systems; advanced; distributed; autogen systems; management; agent frameworks; state; state management; implementation patterns; monitoring; performance; patterns; ai; research
https://galileo.ai/blog/understanding-accuracy-in-ai,How AI Accuracy Is Measured: A Practical Guide,1,model; accuracy; data; ai accuracy; predictions; overfitting; ai; models; training; underfitting; perplexity; regularization; text; rouge; bleu; performance; modelâs; like; generative; outputs
https://galileo.ai/blog/ai-information-symmetry-enterprises,How AI Enables Information Symmetry in Enterprises | Galileo,0,information; silos; information silos; ai; organizational; information access; meetings; access; data; information flows; employees; decision; meeting; flows; access ai; decisions; transformative; reduction; inefficiencies; drives
https://galileo.ai/blog/agentic-ai-reality-check,Agentic AI Reality Check and Separating Hype from Business Value | Galileo,0,ai; startups; market; agentic ai; capital; hype; agentic; chasing; note; companies; differentiation; waves; technological; products; technology; value; authentic; returns; genuine; marketplace
https://galileo.ai/blog/nvidia-data-flywheel-for-de-risking-agentic-ai,Data Flywheel for De-Risking Agentic AI | NVIDIA & Galileo Partnership,0,nvidia; nemo; flywheel; data flywheel; nvidia nemo; ai data; ai; microservices; tool selection; agent; tool; galileo; data; agentic; stage; model; selection; llama; agents; nemo evaluator
https://galileo.ai/blog/build-your-own-acp-compatible-weather-dj-agent,Build your own ACP-Compatible Weather DJ Agent.,0,weather; print; location; agent; acp; log; file; video; import; log stream; units; stream; verbose; galileo; uv; venv; keys; galileo_log_stream; vibes; env
https://galileo.ai/blog/challenges-monitoring-multi-agent-systems,9 Key Challenges in Monitoring Multi-Agent Systems at Scale,2,agent; monitoring; multi agent; agents; systems; multi; agent systems; distributed; timing; challenge; state; communication; coordination; emergent; agent interactions; interactions; resource; contention; emergent behaviors; tracking
https://galileo.ai/blog/test-driven-development-ai-systems,Adapting TDD for Reliable AI Systems | Galileo,3,test; test driven; driven development; testing; ai; development; driven; tests; non deterministic; deterministic; statistical; phase; model; probabilistic; traditional test; green; data; development ai; model quality; non
https://galileo.ai/blog/stability-strategies-dynamic-multi-agents,9 Strategies to Ensure Stability in Dynamic Multi-Agent Systems | Galileo,2,stability; agent; agents; multi agent; dynamic multi; systems; multi; dynamic; environmental; strategy; conflict; patterns; monitoring; mechanisms; agent systems; communication; implement; forecasting; adaptive; supervisor
https://galileo.ai/blog/multi-agent-systems-exploits,Detect and Prevent Malicious Agents in Multi-Agent Systems | Galileo,2,agent; multi agent; security; multi; agent systems; systems; adversarial; trust; attacks; detection; attack; testing; exploitation; byzantine; anomaly; anomaly detection; vulnerabilities; communication; emergent; communications
https://galileo.ai/blog/specification-first-ai-development,Guide to Specification-First AI Development | Galileo,3,specifications; specification; development; ai; requirements; business; ethical; ai development; criteria; concrete; specify; document; objective; scope; technical; tests; metrics; guidelines; stakeholders; create
https://galileo.ai/blog/ai-governance-framework,7 Strategies for Effective AI Governance | Galileo,6,governance; ai governance; ai; oversight; risk; monitoring; framework; organizations; innovation; establish; regulatory; eu; requirements; model; metrics; documentation; systems; step; like; technical
https://galileo.ai/blog/multi-agent-collaboration-competition,Comparing Multi-Agent Collaboration and Competition | Galileo,2,competitive; collaborative; systems; agents; agent; utility; competition; multi agent; agent systems; individual; multi; strategic; goals; resource; sharing; information sharing; group; coordination; mechanisms; overall
https://galileo.ai/blog/ai-observability,AI Observability: Ensuring Reliable and Transparent Systems,3,monitoring; model; ai; performance; observability; data; ai observability; metrics; regular; systems; rationale; organizations; perplexity; drift; model drift; guardrails; models; uncertainty; machine learning; components
https://galileo.ai/blog/evaluating-ai-agents-best-practices,Best Practices to Navigate the Complexities of Evaluating AI Agents | Galileo,0,ai; evaluation; agent; development; agents; businesses; metrics; actions; systems; galileo; ai agents; real; based systems; agent based; performance; software; tools; moving; evaluation tools; query
https://galileo.ai/blog/threat-modeling-multi-agent-ai,Threat Modeling for Multi-Agent AI: How to Identify and Prevent Systemic Risks,2,agent; threat; systemic; modeling; multi agent; multi; agent ai; emergent; breakdowns; risk multi; agents; risks; coordination; runtime; cascades; threats; ai; trigger; systems; risk
https://galileo.ai/blog/ai-agent-metrics,AI Agent Metrics- A Deep Dive | Galileo,0,ai; metrics; agent; ai agent; performance; measurement; ai agents; agents; measuring; agent metrics; business; value; key metrics; essential; compliance; metrics help; consistency; measurements; user satisfaction; safety metrics
https://galileo.ai/blog/measure-communication-in-multi-agent-ai,Measure Communication Efficiency in Multi-Agent AI | Galileo,2,communication; message; systems; information; agents; agent; messages; indirect; patterns; communication efficiency; direct; coordination; overhead; multi agent; dimensions; communications; asynchronous; agent ai; bandwidth; latency
https://galileo.ai/blog/multi-agent-llm-systems-fail,Why do Multi-Agent LLM Systems Fail | Galileo,2,agent; agents; role; breakdowns; coordination; multi agent; confusion; messages; replay; failures; coordination breakdowns; context; intent; work; multi; ids; drift; entire; specialization; boundary
https://galileo.ai/blog/ai-deployment-quality-guardrails,Building Quality Guardrails and Validation Thresholds for AI Confidence | Galileo,3,validation; guardrails; thresholds; threshold; performance; quality; model; deployment; models; data; metrics; automated; data validation; production; traffic; business; testing; ai validation; ai; criteria
https://www.galileo.ai/blog/f1-score-ai-evaluation-precision-recall,F1 Score: Balancing Precision and Recall in AI Evaluation,3,f1; f1 score; score; recall; class; precision; precision recall; false; classes; positives; model; false positives; imbalanced; imbalanced datasets; macro; weighted; ai; positives false; 80; model performance
https://galileo.ai/blog/mastering-rag-how-to-architect-an-enterprise-rag-system,Mastering RAG: How To Architect An Enterprise RAG System,4,retrieval; rag; document; encoder; user; search; documents; query; storage; index; queries; vector; information; embeddings; data; cost; database; text; performance; api
https://galileo.ai/blog/why-most-ai-agents-fail-and-how-to-fix-them,Mastering Agents: Why Most AI Agents Fail & How to Fix Them,0,agents; agent; reasoning; planning; tasks; ai agents; tool; feedback; ai; architectures; tools; loops; single agent; reasoning planning; complex; actions; example agent; strong reasoning; calling; mechanisms
https://www.galileo.ai/blog/ai-agent-architecture,The Ultimate Guide to AI Agent Architecture: Build Reliable & Scalable AI Systems,0,ai; agent; architecture; ai agent; agents; data; systems; agent architecture; ai agents; architectures; agent architectures; environments; attacks; reasoning; dynamic environments; tasks; component; challenges; malicious; example ai
https://www.galileo.ai/blog/agentic-ai-frameworks,Agentic AI Frameworks: Transforming Workflows Securely | Galileo,2,agent; systems; agents; frameworks; event; multi agent; ai; agentic; advanced; ai frameworks; environments; agent systems; real; multi; protocols; performance; agentic ai; communication; patterns; evaluation
https://www.galileo.ai/blog/mastering-agents-langgraph-vs-autogen-vs-crew,Mastering Agents: LangGraph Vs Autogen Vs Crew AI,0,autogen; langgraph; agents; supports; ai; interactions; agent; memory; users; code; framework; replay; caching; code execution; term; tools; define; graph; documentation; execution
https://www.galileo.ai/blog/deep-dive-into-llm-hallucinations-across-generative-tasks,Two Types of LLM Hallucinations,4,intrinsic; hallucination; original; text; et al; et; al; translation; hallucinations; says; original text; generation; errors; information; summaries; doesn; dialogue; vaccine; documents; bot
https://www.galileo.ai/blog/how-to-evaluate-llms-for-rag,Mastering RAG: How To Evaluate LLMs For RAG,4,statement; rag; chainpoll; score; context; ragas; llms; risk factors; model; llm; study; information; answer; statements; evidence; scores; sentence; responses; factors; dataset
https://www.galileo.ai/blog/mastering-agents-evaluating-ai-agents,Mastering Agents: Evaluating AI Agents,0,self reflection; reflection; self; agents; block; planning; agent; planbench; evaluation; manipulation; state; ai; function; capabilities; like; blue; calling; domain; world; bench
https://www.galileo.ai/blog/autogen-multi-agent,AutoGen Implementation Patterns: Building Production-Ready Multi-Agent AI Systems,2,agent; autogen; multi agent; multi; systems; agent autogen; agent systems; advanced; distributed; autogen systems; management; agent frameworks; state; state management; implementation patterns; monitoring; performance; patterns; ai; research
https://www.galileo.ai/blog/mastering-rag-llm-prompting-techniques-for-reducing-hallucinations,RAG LLM Prompting Techniques to Reduce Hallucinations,4,documents; llama; verification; rag; retrieved; noisy; emotional; response; retrieved documents; shot; questions; answer; model; llms; information; paper; prompt; original; prompts; baseline
https://www.galileo.ai/blog/multimodal-llm-guide-evaluation,Multimodal LLM Evaluation: Overcoming Challenges | Galileo,4,multimodal; modalities; visual; challenge; alignment; text; performance; models; vision; model; llms; cross; attention; different modalities; architecture; model performance; images; textual; language; developers
https://www.galileo.ai/blog/nvidia-data-flywheel-for-de-risking-agentic-ai,Data Flywheel for De-Risking Agentic AI | NVIDIA & Galileo Partnership,0,nvidia; nemo; flywheel; data flywheel; nvidia nemo; ai data; ai; microservices; tool selection; agent; tool; galileo; data; agentic; stage; model; selection; llama; agents; nemo evaluator
https://www.galileo.ai/blog/introducing-continuous-learning-with-human-feedback,Introducing Continuous Learning with Human Feedback: Adaptive Metrics that Improve with Expert Review,1,clhf; metrics; metric; galileo platform; platform; feedback; prompts; evaluation; breakthrough; domain expertise; human; tailored; select; records; explanation; domain; click; prompt; reinforcement; generic
https://www.galileo.ai/blog/bleu-metric-ai-evaluation,BLEU Metric: Enhancing AI Accuracy & Evaluation | Galileo,1,bleu; bleu metric; translation; translations; candidate; metric; evaluation; score; reference; grams; penalty; translation systems; fox; lazy; references; jump; machine; machine translation; batch; length
https://www.galileo.ai/blog/rouge-ai,ROUGE in AI: Key to Text Summarization,1,rouge; ai; ai generated; text; generated text; generated; word; human written; developers; human; metrics; like; written; words; outputs; translations; ai outputs; itâs; rouge scores; reference text
https://www.galileo.ai/blog/agntcy-open-collective-multi-agent-standardization,AGNTCY: Building the Future of Multi-Agentic Systems | Industry Collaboration,2,agntcy; agents; agent; infrastructure; agentic; open; discover; connect; protocol; acp; agent connect; connect protocol; collective; multi agentic; phases; multi; agents built; agent collaboration; standard; org
https://www.galileo.ai/blog/precision-recall-ai-evaluation,Transforming AI: The Power of Precision-Recall Curves | Galileo,3,recall; precision; precision recall; pr; curve; curves; model; pr curves; performance; false; evaluation; recall trade; positives; model performance; high precision; spam; metrics; imbalanced; imbalanced datasets; detection
https://www.galileo.ai/blog/a-field-guide-to-ai-agents,"Agents, Assemble: A Field Guide to AI Agents",0,agents; level; think; reasoning; enhanced; ai; react; digital; self; tasks; ai agents; memory; field guide; combine; youâve; self reflection; agent; retrieval; reflection; making ideal
https://www.galileo.ai/blog/ai-agentic-workflows,Understanding AI Agentic Workflows: Key Insights & Applications,2,agentic workflows; agentic; workflows; throughput; ai; resource; data; parallel execution; agentic ai; agent; high throughput; parallel; high; protocols; systems; state management; data processing; monitoring; maintaining; resource allocation
https://www.galileo.ai/blog/deploying-generative-ai-at-enterprise-scale-navigating-challenges-and-unlocking-potential,Deploying Generative AI at Enterprise Scale,1,genai; ai; costs; sanyal; businesses; models; open source; cost; open; source; evaluation; systems; performance; companies; source models; cost management; solid; advancements; inference; inference costs
https://www.galileo.ai/blog/how-ai-agents-are-revolutionizing-human-interaction,How AI Agents are Revolutionizing Human Interaction,0,ai; twilio; human; ai assistants; assistants; agents; humans; ai agents; tasks; humans focus; human interaction; giarrusso; thereâs; businesses; ai human; autonomous agent; systems; platform; ai systems; focus
https://www.galileo.ai/blog/introducing-agentic-evaluations,Introducing Agentic Evaluations,0,agentic evaluations; agents; agentic; final action; action; cost latency; cost; agentic applications; evaluations; llm; final; tool; apps; agent; metrics; individual; developers; tool use; hood; agent specific
https://www.galileo.ai/blog/functional-correctness-modern-ai,Functional Correctness in AI: Essentials for Reliability,3,functional correctness; correctness; functional; ai; correctness ai; trade; evaluation; vs; systems; ai systems; offs; trade offs; maintaining; metrics; quality; data; traditional; evaluation frameworks; quality issues; drift
https://www.galileo.ai/blog/best-practices-for-ai-model-validation-in-machine-learning,AI Model Validation: Best Practices for Accuracy & Reliability,3,validation; model; model validation; data; cross validation; overfitting; performance; validation processes; cross; model performance; features; underfitting; ai; training; models; ai models; validation techniques; predictions; tools; fold
https://www.galileo.ai/blog/agentic-rag-integration-ai-architecture,Agentic RAG Systems: Revolutionizing AI Workflows,4,rag; retrieval; agentic; rag systems; information; query; agents; systems; retrieved; generation; data; agent; integration points; retrieval generation; embeddings; filtering; documents; performance; components; data sources
https://www.galileo.ai/blog/ai-fluency,Explainability in AI: Unlocking Transparency,1,ai; ai fluency; fluency; ai tools; learning; teams; technologies; data; ethical; skills; organizationâs; organization; systems; benefits; business; easier; understanding; use ai; enhance; language
https://www.galileo.ai/blog/ready-for-regulation-preparing-for-the-eu-ai-act,Ready for Regulation: Preparing for the EU AI Act,3,risk ai; ai; high risk; risk; management; procedures; eu; act; eu ai; ai act; systems; compliance; quality; companies; person; systems used; data; assessment; high; technical documentation
https://www.galileo.ai/blog/evaluating-generative-ai-overcoming-challenges-in-a-complex-landscape,Evaluating Generative AI,1,ai; generative ai; generative; hallucinations; evaluation; evaluating; software; ai hallucinations; builders; book; systems; human; humans; metrics; human loop; donât; traditional software; itâs; evaluating generative; evaluating ai
https://www.galileo.ai/blog/understanding-llm-observability-best-practices-and-tools,Master LLM Observability for Peak AI Performance & Security,3,llm observability; llm; observability; monitoring; effective llm; llm systems; metrics; observable; performance; visibility; outputs; quality; step; data; like; systems; output quality; incident; prompt; llms
https://www.galileo.ai/blog/best-llm-observability-tools-compared-for-2024,Top Observability Tools for LLM Performance & Reliability,3,observability; features; instrumentation; cost management; observability tools; auto; integration; llm; galileo; tools; cost; retrieval; user friendly; friendly; redaction; llm observability; pii; monitoring; rag; compliance
https://galileo.ai/blog/agentic-ai-frameworks,Agentic AI Frameworks: Transforming Workflows Securely | Galileo,2,agent; systems; agents; frameworks; event; multi agent; ai; agentic; advanced; ai frameworks; environments; agent systems; real; multi; protocols; performance; agentic ai; communication; patterns; evaluation
https://galileo.ai/blog/multi-agent-decision-making-threats,Monitor & Mitigate Threats in Multi-Agent Systems | Galileo,2,agent; multi agent; multi; attackers; threat; attacks; agents; security; agent systems; vulnerabilities; adversarial; systems; data; agent decision; inter agent; threats; exploit; inter; agent security; poisoning
https://www.galileo.ai/blog/evaluating-ai-agent-performance-benchmarks-real-world-tasks,8 Steps to Benchmarking AI Agents for Better Performance | Galileo.ai,0,benchmarking; ai; agents; benchmarking ai; ai agents; agent; performance; benchmark; accuracy; continuous monitoring; test scenarios; standardized; real; datasets; environments; model; ai agent; test; reproducibility; resource usage
https://www.galileo.ai/blog/success-multi-agent-ai,Multi-Agent AI: Performance Metrics & Evaluation Frameworks | Galileo,2,agent; agents; agent ai; multi agent; multi; success multi; performance; ai; bfcl; systems; defining; success; evaluating multi; agent performance; leaderboard; bench; data; metrics; planbench; challenges
https://www.galileo.ai/blog/multi-agent-decision-making-threats,Monitor & Mitigate Threats in Multi-Agent Systems | Galileo,2,agent; multi agent; multi; attackers; threat; attacks; agents; security; agent systems; vulnerabilities; adversarial; systems; data; agent decision; inter agent; threats; exploit; inter; agent security; poisoning
http://galileo.ai/blog/introducing-luna-2-purpose-built-models-for-reliable-ai-evaluations-guardrailing,Luna 2: Purpose-Built Evaluation Models for Reliable AI Agents & Systems,5,luna; agent; evaluation; metrics; cost; fortune; time guardrailing; low; 10 20; low latency; 50; guardrailing; agents; agentic; latency; ai; real time; 10; hundreds; enterprise
https://galileo.ai/blog/multi-agent-coordination-strategies,Centralized vs Distributed AI: Control Paradigms | Galileo,2,centralized; distributed; coordination; central; systems; local; centralized systems; distributed systems; approaches; agent; nodes; agents; allocation; communication; controller; strategy; control; peer; flows; information
https://www.galileo.ai/blog/introduction-to-agent-development-challenges-and-innovations,Agent Development Challenges and Innovations,0,agents; ai; ai agents; data; multimodal; data access; agent; security; agent development; development; access; innovations; enhancing; founder; challenges; systems; performance; ai agent; legacy systems; secure
https://www.galileo.ai/blog/galileo-agent-reliability-platform,Introducing Galileo's Agent Reliability Platform,2,agent; engine; agents; luna; insights engine; agent metrics; leaderboard; view; graph engine; agent reliability; metrics; graph; platform; reliability platform; time guardrails; multi agent; solution; small language; multi; ai
https://www.galileo.ai/blog/why-multi-agent-systems-fail,Why Multi-Agent Systems Fail,2,agent; multi agent; multi; agents; single agent; agent systems; single; coordination; 10; cost; agent needs; anthropic; context; systems; structure; coordination overhead; parallel; overhead; findings; bitter
